Hora;Day of din_instante;Measure Names;Avg. Val Geração FIXED Hora;Measure Values;;;;
00:00;;Mínimo Mensal;;0;;;;
01:00;;Mínimo Mensal;;0;;;;
02:00;;Mínimo Mensal;;0;;;;
03:00;;Mínimo Mensal;;0;;;;
04:00;;Mínimo Mensal;;0;;;;
05:00;;Mínimo Mensal;;0;;;;dracena
06:00;;Mínimo Mensal;;0.035;;;;
07:00;;Mínimo Mensal;;0.738;;;;
08:00;;Mínimo Mensal;;1.866;;;;
09:00;;Mínimo Mensal;;10.247;;;;
10:00;;Mínimo Mensal;;13.07;;;;
11:00;;Mínimo Mensal;;31.2;;;;
12:00;;Mínimo Mensal;;17.016;;;;
13:00;;Mínimo Mensal;;21.673;;;;
14:00;;Mínimo Mensal;;4.018;;;;
15:00;;Mínimo Mensal;;0.407;;;;
16:00;;Mínimo Mensal;;1.039;;;;
17:00;;Mínimo Mensal;;0.601;;;;
18:00;;Mínimo Mensal;;0.001;;;;
19:00;;Mínimo Mensal;;0;;;;
20:00;;Mínimo Mensal;;0;;;;
21:00;;Mínimo Mensal;;0;;;;
22:00;;Mínimo Mensal;;0;;;;
23:00;;Mínimo Mensal;;0;;;;
00:00;;Média mensal;;0;;;;
01:00;;Média mensal;;0;;;;
02:00;;Média mensal;;0;;;;
03:00;;Média mensal;;0;;;;
04:00;;Média mensal;;0;;;;
05:00;;Média mensal;;0;;;;
06:00;;Média mensal;;0.299354839;;;;
07:00;;Média mensal;;10.141.483.871;;;;
08:00;;Média mensal;;33.155.741.935;;;;
09:00;;Média mensal;;46.624.838.710;;;;
10:00;;Média mensal;;53.364.838.710;;;;
11:00;;Média mensal;;56.882.645.161;;;;
12:00;;Média mensal;;57.009.258.065;;;;
13:00;;Média mensal;;54.041.870.968;;;;
14:00;;Média mensal;;42.188.258.065;;;;
15:00;;Média mensal;;37.392.741.935;;;;
16:00;;Média mensal;;30.587.129.032;;;;
17:00;;Média mensal;;13.981;;;;
18:00;;Média mensal;;1.084.032.258;;;;
19:00;;Média mensal;;0;;;;
20:00;;Média mensal;;0;;;;
21:00;;Média mensal;;0;;;;
22:00;;Média mensal;;0;;;;
23:00;;Média mensal;;0;;;;
00:00;;Máximo mensal;;0;;;;
01:00;;Máximo mensal;;0;;;;
02:00;;Máximo mensal;;0;;;;
03:00;;Máximo mensal;;0;;;;
04:00;;Máximo mensal;;0;;;;
05:00;;Máximo mensal;;0;;;;
06:00;;Máximo mensal;;1.388;;;;
07:00;;Máximo mensal;;21.195;;;;
08:00;;Máximo mensal;;57.752;;;;
09:00;;Máximo mensal;;67.815;;;;
10:00;;Máximo mensal;;68.742;;;;
11:00;;Máximo mensal;;68.805;;;;
12:00;;Máximo mensal;;68.82;;;;
13:00;;Máximo mensal;;69.04;;;;
14:00;;Máximo mensal;;67.618;;;;
15:00;;Máximo mensal;;66.646;;;;
16:00;;Máximo mensal;;58.483;;;;
17:00;;Máximo mensal;;33.157;;;;
18:00;;Máximo mensal;;3.136;;;;
19:00;;Máximo mensal;;0;;;;
20:00;;Máximo mensal;;0;;;;
21:00;;Máximo mensal;;0;;;;
22:00;;Máximo mensal;;0;;;;
23:00;;Máximo mensal;;0;;;;
00:00;March 31, 2022;;0;;;;;
01:00;March 31, 2022;;0;;;;;
02:00;March 31, 2022;;0;;;;;
03:00;March 31, 2022;;0;;;;;
04:00;March 31, 2022;;0;;;;;
05:00;March 31, 2022;;0;;;;;
06:00;March 31, 2022;;0.114;;;;;
07:00;March 31, 2022;;7.559;;;;;
08:00;March 31, 2022;;49.808;;;;;
09:00;March 31, 2022;;51.948;;;;;
10:00;March 31, 2022;;53.773;;;;;
11:00;March 31, 2022;;50.735;;;;;
12:00;March 31, 2022;;44.01;;;;;
13:00;March 31, 2022;;44.922;;;;;
14:00;March 31, 2022;;24.802;;;;;
15:00;March 31, 2022;;42.159;;;;;
16:00;March 31, 2022;;48.793;;;;;
17:00;March 31, 2022;;16.061;;;;;
18:00;March 31, 2022;;0.485;;;;;
19:00;March 31, 2022;;0;;;;;
20:00;March 31, 2022;;0;;;;;
21:00;March 31, 2022;;0;;;;;
22:00;March 31, 2022;;0;;;;;
23:00;March 31, 2022;;0;;;;;
00:00;March 30, 2022;;0;;;;;
01:00;March 30, 2022;;0;;;;;
02:00;March 30, 2022;;0;;;;;
03:00;March 30, 2022;;0;;;;;
04:00;March 30, 2022;;0;;;;;
05:00;March 30, 2022;;0;;;;;
06:00;March 30, 2022;;0.23;;;;;
07:00;March 30, 2022;;14.917;;;;;
08:00;March 30, 2022;;51.212;;;;;
09:00;March 30, 2022;;62.137;;;;;
10:00;March 30, 2022;;64.121;;;;;
11:00;March 30, 2022;;63.973;;;;;
12:00;March 30, 2022;;56.687;;;;;
13:00;March 30, 2022;;46.311;;;;;
14:00;March 30, 2022;;20.285;;;;;
15:00;March 30, 2022;;10.872;;;;;
16:00;March 30, 2022;;19.346;;;;;
17:00;March 30, 2022;;7.103;;;;;
18:00;March 30, 2022;;0.369;;;;;
19:00;March 30, 2022;;0;;;;;
20:00;March 30, 2022;;0;;;;;
21:00;March 30, 2022;;0;;;;;
22:00;March 30, 2022;;0;;;;;
23:00;March 30, 2022;;0;;;;;
00:00;March 29, 2022;;0;;;;;
01:00;March 29, 2022;;0;;;;;
02:00;March 29, 2022;;0;;;;;
03:00;March 29, 2022;;0;;;;;
04:00;March 29, 2022;;0;;;;;
05:00;March 29, 2022;;0;;;;;
06:00;March 29, 2022;;0.124;;;;;
07:00;March 29, 2022;;16.053;;;;;
08:00;March 29, 2022;;55.908;;;;;
09:00;March 29, 2022;;65.376;;;;;
10:00;March 29, 2022;;66.259;;;;;
11:00;March 29, 2022;;65.539;;;;;
12:00;March 29, 2022;;65.273;;;;;
13:00;March 29, 2022;;63.867;;;;;
14:00;March 29, 2022;;64.712;;;;;
15:00;March 29, 2022;;60.446;;;;;
16:00;March 29, 2022;;49.801;;;;;
17:00;March 29, 2022;;19.781;;;;;
18:00;March 29, 2022;;0.681;;;;;
19:00;March 29, 2022;;0;;;;;
20:00;March 29, 2022;;0;;;;;
21:00;March 29, 2022;;0;;;;;
22:00;March 29, 2022;;0;;;;;
23:00;March 29, 2022;;0;;;;;
00:00;March 28, 2022;;0;;;;;
01:00;March 28, 2022;;0;;;;;
02:00;March 28, 2022;;0;;;;;
03:00;March 28, 2022;;0;;;;;
04:00;March 28, 2022;;0;;;;;
05:00;March 28, 2022;;0;;;;;
06:00;March 28, 2022;;0.068;;;;;
07:00;March 28, 2022;;7.991;;;;;
08:00;March 28, 2022;;53.331;;;;;
09:00;March 28, 2022;;63.258;;;;;
10:00;March 28, 2022;;62.169;;;;;
11:00;March 28, 2022;;58.659;;;;;
12:00;March 28, 2022;;56.812;;;;;
13:00;March 28, 2022;;63.472;;;;;
14:00;March 28, 2022;;59.922;;;;;
15:00;March 28, 2022;;45.672;;;;;
16:00;March 28, 2022;;7.442;;;;;
17:00;March 28, 2022;;10.739;;;;;
18:00;March 28, 2022;;0.64;;;;;
19:00;March 28, 2022;;0;;;;;
20:00;March 28, 2022;;0;;;;;
21:00;March 28, 2022;;0;;;;;
22:00;March 28, 2022;;0;;;;;
23:00;March 28, 2022;;0;;;;;
00:00;March 27, 2022;;0;;;;;
01:00;March 27, 2022;;0;;;;;
02:00;March 27, 2022;;0;;;;;
03:00;March 27, 2022;;0;;;;;
04:00;March 27, 2022;;0;;;;;
05:00;March 27, 2022;;0;;;;;
06:00;March 27, 2022;;0.072;;;;;
07:00;March 27, 2022;;3.971;;;;;
08:00;March 27, 2022;;8.982;;;;;
09:00;March 27, 2022;;21.046;;;;;
10:00;March 27, 2022;;28.969;;;;;
11:00;March 27, 2022;;34.555;;;;;
12:00;March 27, 2022;;47.85;;;;;
13:00;March 27, 2022;;51.681;;;;;
14:00;March 27, 2022;;33.962;;;;;
15:00;March 27, 2022;;17.905;;;;;
16:00;March 27, 2022;;8.243;;;;;
17:00;March 27, 2022;;6.289;;;;;
18:00;March 27, 2022;;0.807;;;;;
19:00;March 27, 2022;;0;;;;;
20:00;March 27, 2022;;0;;;;;
21:00;March 27, 2022;;0;;;;;
22:00;March 27, 2022;;0;;;;;
23:00;March 27, 2022;;0;;;;;
00:00;March 26, 2022;;0;;;;;
01:00;March 26, 2022;;0;;;;;
02:00;March 26, 2022;;0;;;;;
03:00;March 26, 2022;;0;;;;;
04:00;March 26, 2022;;0;;;;;
05:00;March 26, 2022;;0;;;;;
06:00;March 26, 2022;;0.485;;;;;
07:00;March 26, 2022;;5.454;;;;;
08:00;March 26, 2022;;9.881;;;;;
09:00;March 26, 2022;;25.406;;;;;
10:00;March 26, 2022;;34.464;;;;;
11:00;March 26, 2022;;57.157;;;;;
12:00;March 26, 2022;;48.442;;;;;
13:00;March 26, 2022;;34.478;;;;;
14:00;March 26, 2022;;4.018;;;;;
15:00;March 26, 2022;;6.295;;;;;
16:00;March 26, 2022;;1.731;;;;;
17:00;March 26, 2022;;0.601;;;;;
18:00;March 26, 2022;;0.033;;;;;
19:00;March 26, 2022;;0;;;;;
20:00;March 26, 2022;;0;;;;;
21:00;March 26, 2022;;0;;;;;
22:00;March 26, 2022;;0;;;;;
23:00;March 26, 2022;;0;;;;;
00:00;March 25, 2022;;0;;;;;
01:00;March 25, 2022;;0;;;;;
02:00;March 25, 2022;;0;;;;;
03:00;March 25, 2022;;0;;;;;
04:00;March 25, 2022;;0;;;;;
05:00;March 25, 2022;;0;;;;;
06:00;March 25, 2022;;0.11;;;;;
07:00;March 25, 2022;;2.207;;;;;
08:00;March 25, 2022;;2.217;;;;;
09:00;March 25, 2022;;16.15;;;;;
10:00;March 25, 2022;;48.948;;;;;
11:00;March 25, 2022;;50.072;;;;;
12:00;March 25, 2022;;50.688;;;;;
13:00;March 25, 2022;;54.636;;;;;
14:00;March 25, 2022;;14.389;;;;;
15:00;March 25, 2022;;0.407;;;;;
16:00;March 25, 2022;;1.039;;;;;
17:00;March 25, 2022;;2.797;;;;;
18:00;March 25, 2022;;0.255;;;;;
19:00;March 25, 2022;;0;;;;;
20:00;March 25, 2022;;0;;;;;
21:00;March 25, 2022;;0;;;;;
22:00;March 25, 2022;;0;;;;;
23:00;March 25, 2022;;0;;;;;
00:00;March 24, 2022;;0;;;;;
01:00;March 24, 2022;;0;;;;;
02:00;March 24, 2022;;0;;;;;
03:00;March 24, 2022;;0;;;;;
04:00;March 24, 2022;;0;;;;;
05:00;March 24, 2022;;0;;;;;
06:00;March 24, 2022;;0.38;;;;;
07:00;March 24, 2022;;3.332;;;;;
08:00;March 24, 2022;;12.844;;;;;
09:00;March 24, 2022;;33.661;;;;;
10:00;March 24, 2022;;36.177;;;;;
11:00;March 24, 2022;;45.066;;;;;
12:00;March 24, 2022;;64.711;;;;;
13:00;March 24, 2022;;41.181;;;;;
14:00;March 24, 2022;;7.141;;;;;
15:00;March 24, 2022;;17.334;;;;;
16:00;March 24, 2022;;11.074;;;;;
17:00;March 24, 2022;;3.776;;;;;
18:00;March 24, 2022;;0.187;;;;;
19:00;March 24, 2022;;0;;;;;
20:00;March 24, 2022;;0;;;;;
21:00;March 24, 2022;;0;;;;;
22:00;March 24, 2022;;0;;;;;
23:00;March 24, 2022;;0;;;;;
00:00;March 23, 2022;;0;;;;;
01:00;March 23, 2022;;0;;;;;
02:00;March 23, 2022;;0;;;;;
03:00;March 23, 2022;;0;;;;;
04:00;March 23, 2022;;0;;;;;
05:00;March 23, 2022;;0;;;;;
06:00;March 23, 2022;;0.54;;;;;
07:00;March 23, 2022;;19.294;;;;;
08:00;March 23, 2022;;55.836;;;;;
09:00;March 23, 2022;;64.917;;;;;
10:00;March 23, 2022;;66.191;;;;;
11:00;March 23, 2022;;66.822;;;;;
12:00;March 23, 2022;;67.327;;;;;
13:00;March 23, 2022;;66.367;;;;;
14:00;March 23, 2022;;64.623;;;;;
15:00;March 23, 2022;;63.206;;;;;
16:00;March 23, 2022;;48.074;;;;;
17:00;March 23, 2022;;14.829;;;;;
18:00;March 23, 2022;;0.62;;;;;
19:00;March 23, 2022;;0;;;;;
20:00;March 23, 2022;;0;;;;;
21:00;March 23, 2022;;0;;;;;
22:00;March 23, 2022;;0;;;;;
23:00;March 23, 2022;;0;;;;;
00:00;March 22, 2022;;0;;;;;
01:00;March 22, 2022;;0;;;;;
02:00;March 22, 2022;;0;;;;;
03:00;March 22, 2022;;0;;;;;
04:00;March 22, 2022;;0;;;;;
05:00;March 22, 2022;;0;;;;;
06:00;March 22, 2022;;0.584;;;;;
07:00;March 22, 2022;;19.731;;;;;
08:00;March 22, 2022;;57.752;;;;;
09:00;March 22, 2022;;67.815;;;;;
10:00;March 22, 2022;;68.742;;;;;
11:00;March 22, 2022;;67.851;;;;;
12:00;March 22, 2022;;67.674;;;;;
13:00;March 22, 2022;;67.899;;;;;
14:00;March 22, 2022;;66.67;;;;;
15:00;March 22, 2022;;58.646;;;;;
16:00;March 22, 2022;;48.862;;;;;
17:00;March 22, 2022;;23.896;;;;;
18:00;March 22, 2022;;1.102;;;;;
19:00;March 22, 2022;;0;;;;;
20:00;March 22, 2022;;0;;;;;
21:00;March 22, 2022;;0;;;;;
22:00;March 22, 2022;;0;;;;;
23:00;March 22, 2022;;0;;;;;
00:00;March 21, 2022;;0;;;;;
01:00;March 21, 2022;;0;;;;;
02:00;March 21, 2022;;0;;;;;
03:00;March 21, 2022;;0;;;;;
04:00;March 21, 2022;;0;;;;;
05:00;March 21, 2022;;0;;;;;
06:00;March 21, 2022;;0.413;;;;;
07:00;March 21, 2022;;13.292;;;;;
08:00;March 21, 2022;;39.046;;;;;
09:00;March 21, 2022;;49.993;;;;;
10:00;March 21, 2022;;59.273;;;;;
11:00;March 21, 2022;;54.882;;;;;
12:00;March 21, 2022;;61.793;;;;;
13:00;March 21, 2022;;66.326;;;;;
14:00;March 21, 2022;;59.032;;;;;
15:00;March 21, 2022;;43.736;;;;;
16:00;March 21, 2022;;29.965;;;;;
17:00;March 21, 2022;;7.877;;;;;
18:00;March 21, 2022;;0.824;;;;;
19:00;March 21, 2022;;0;;;;;
20:00;March 21, 2022;;0;;;;;
21:00;March 21, 2022;;0;;;;;
22:00;March 21, 2022;;0;;;;;
23:00;March 21, 2022;;0;;;;;
00:00;March 20, 2022;;0;;;;;
01:00;March 20, 2022;;0;;;;;
02:00;March 20, 2022;;0;;;;;
03:00;March 20, 2022;;0;;;;;
04:00;March 20, 2022;;0;;;;;
05:00;March 20, 2022;;0;;;;;
06:00;March 20, 2022;;0.057;;;;;
07:00;March 20, 2022;;1.643;;;;;
08:00;March 20, 2022;;11.349;;;;;
09:00;March 20, 2022;;21.962;;;;;
10:00;March 20, 2022;;37.701;;;;;
11:00;March 20, 2022;;33.916;;;;;
12:00;March 20, 2022;;47.796;;;;;
13:00;March 20, 2022;;29.812;;;;;
14:00;March 20, 2022;;19.357;;;;;
15:00;March 20, 2022;;25.447;;;;;
16:00;March 20, 2022;;38.827;;;;;
17:00;March 20, 2022;;9.412;;;;;
18:00;March 20, 2022;;0.849;;;;;
19:00;March 20, 2022;;0;;;;;
20:00;March 20, 2022;;0;;;;;
21:00;March 20, 2022;;0;;;;;
22:00;March 20, 2022;;0;;;;;
23:00;March 20, 2022;;0;;;;;
00:00;March 19, 2022;;0;;;;;
01:00;March 19, 2022;;0;;;;;
02:00;March 19, 2022;;0;;;;;
03:00;March 19, 2022;;0;;;;;
04:00;March 19, 2022;;0;;;;;
05:00;March 19, 2022;;0;;;;;
06:00;March 19, 2022;;0.035;;;;;
07:00;March 19, 2022;;0.738;;;;;
08:00;March 19, 2022;;5.378;;;;;
09:00;March 19, 2022;;19.226;;;;;
10:00;March 19, 2022;;16.841;;;;;
11:00;March 19, 2022;;38.843;;;;;
12:00;March 19, 2022;;62;;;;;
13:00;March 19, 2022;;50.289;;;;;
14:00;March 19, 2022;;17.655;;;;;
15:00;March 19, 2022;;10.519;;;;;
16:00;March 19, 2022;;10.581;;;;;
17:00;March 19, 2022;;5.366;;;;;
18:00;March 19, 2022;;0.609;;;;;
19:00;March 19, 2022;;0;;;;;
20:00;March 19, 2022;;0;;;;;
21:00;March 19, 2022;;0;;;;;
22:00;March 19, 2022;;0;;;;;
23:00;March 19, 2022;;0;;;;;
00:00;March 18, 2022;;0;;;;;
01:00;March 18, 2022;;0;;;;;
02:00;March 18, 2022;;0;;;;;
03:00;March 18, 2022;;0;;;;;
04:00;March 18, 2022;;0;;;;;
05:00;March 18, 2022;;0;;;;;
06:00;March 18, 2022;;0.443;;;;;
07:00;March 18, 2022;;16.946;;;;;
08:00;March 18, 2022;;50.37;;;;;
09:00;March 18, 2022;;61.751;;;;;
10:00;March 18, 2022;;64.403;;;;;
11:00;March 18, 2022;;63.831;;;;;
12:00;March 18, 2022;;59.048;;;;;
13:00;March 18, 2022;;54.888;;;;;
14:00;March 18, 2022;;44.536;;;;;
15:00;March 18, 2022;;29.451;;;;;
16:00;March 18, 2022;;40.219;;;;;
17:00;March 18, 2022;;8.092;;;;;
18:00;March 18, 2022;;0.495;;;;;
19:00;March 18, 2022;;0;;;;;
20:00;March 18, 2022;;0;;;;;
21:00;March 18, 2022;;0;;;;;
22:00;March 18, 2022;;0;;;;;
23:00;March 18, 2022;;0;;;;;
00:00;March 17, 2022;;0;;;;;
01:00;March 17, 2022;;0;;;;;
02:00;March 17, 2022;;0;;;;;
03:00;March 17, 2022;;0;;;;;
04:00;March 17, 2022;;0;;;;;
05:00;March 17, 2022;;0;;;;;
06:00;March 17, 2022;;0.16;;;;;
07:00;March 17, 2022;;12.403;;;;;
08:00;March 17, 2022;;49.486;;;;;
09:00;March 17, 2022;;61.597;;;;;
10:00;March 17, 2022;;59.58;;;;;
11:00;March 17, 2022;;59.728;;;;;
12:00;March 17, 2022;;65.037;;;;;
13:00;March 17, 2022;;62.092;;;;;
14:00;March 17, 2022;;60.858;;;;;
15:00;March 17, 2022;;42.481;;;;;
16:00;March 17, 2022;;20.676;;;;;
17:00;March 17, 2022;;22.733;;;;;
18:00;March 17, 2022;;0.988;;;;;
19:00;March 17, 2022;;0;;;;;
20:00;March 17, 2022;;0;;;;;
21:00;March 17, 2022;;0;;;;;
22:00;March 17, 2022;;0;;;;;
23:00;March 17, 2022;;0;;;;;
00:00;March 16, 2022;;0;;;;;
01:00;March 16, 2022;;0;;;;;
02:00;March 16, 2022;;0;;;;;
03:00;March 16, 2022;;0;;;;;
04:00;March 16, 2022;;0;;;;;
05:00;March 16, 2022;;0;;;;;
06:00;March 16, 2022;;0.162;;;;;
07:00;March 16, 2022;;6.018;;;;;
08:00;March 16, 2022;;41.858;;;;;
09:00;March 16, 2022;;58.189;;;;;
10:00;March 16, 2022;;58.131;;;;;
11:00;March 16, 2022;;54.359;;;;;
12:00;March 16, 2022;;60.337;;;;;
13:00;March 16, 2022;;56.669;;;;;
14:00;March 16, 2022;;40.248;;;;;
15:00;March 16, 2022;;38.081;;;;;
16:00;March 16, 2022;;19.708;;;;;
17:00;March 16, 2022;;7.642;;;;;
18:00;March 16, 2022;;1.249;;;;;
19:00;March 16, 2022;;0;;;;;
20:00;March 16, 2022;;0;;;;;
21:00;March 16, 2022;;0;;;;;
22:00;March 16, 2022;;0;;;;;
23:00;March 16, 2022;;0;;;;;
00:00;March 15, 2022;;0;;;;;
01:00;March 15, 2022;;0;;;;;
02:00;March 15, 2022;;0;;;;;
03:00;March 15, 2022;;0;;;;;
04:00;March 15, 2022;;0;;;;;
05:00;March 15, 2022;;0;;;;;
06:00;March 15, 2022;;0.137;;;;;
07:00;March 15, 2022;;2.848;;;;;
08:00;March 15, 2022;;36.186;;;;;
09:00;March 15, 2022;;62.355;;;;;
10:00;March 15, 2022;;67.703;;;;;
11:00;March 15, 2022;;68.586;;;;;
12:00;March 15, 2022;;55.463;;;;;
13:00;March 15, 2022;;58.967;;;;;
14:00;March 15, 2022;;67.286;;;;;
15:00;March 15, 2022;;65.812;;;;;
16:00;March 15, 2022;;58.483;;;;;
17:00;March 15, 2022;;28.846;;;;;
18:00;March 15, 2022;;1.823;;;;;
19:00;March 15, 2022;;0;;;;;
20:00;March 15, 2022;;0;;;;;
21:00;March 15, 2022;;0;;;;;
22:00;March 15, 2022;;0;;;;;
23:00;March 15, 2022;;0;;;;;
00:00;March 14, 2022;;0;;;;;
01:00;March 14, 2022;;0;;;;;
02:00;March 14, 2022;;0;;;;;
03:00;March 14, 2022;;0;;;;;
04:00;March 14, 2022;;0;;;;;
05:00;March 14, 2022;;0;;;;;
06:00;March 14, 2022;;0.11;;;;;
07:00;March 14, 2022;;7.883;;;;;
08:00;March 14, 2022;;14.355;;;;;
09:00;March 14, 2022;;17.696;;;;;
10:00;March 14, 2022;;35.33;;;;;
11:00;March 14, 2022;;62.129;;;;;
12:00;March 14, 2022;;54.557;;;;;
13:00;March 14, 2022;;40.872;;;;;
14:00;March 14, 2022;;32.717;;;;;
15:00;March 14, 2022;;58.424;;;;;
16:00;March 14, 2022;;54.96;;;;;
17:00;March 14, 2022;;29.529;;;;;
18:00;March 14, 2022;;2.005;;;;;
19:00;March 14, 2022;;0;;;;;
20:00;March 14, 2022;;0;;;;;
21:00;March 14, 2022;;0;;;;;
22:00;March 14, 2022;;0;;;;;
23:00;March 14, 2022;;0;;;;;
00:00;March 13, 2022;;0;;;;;
01:00;March 13, 2022;;0;;;;;
02:00;March 13, 2022;;0;;;;;
03:00;March 13, 2022;;0;;;;;
04:00;March 13, 2022;;0;;;;;
05:00;March 13, 2022;;0;;;;;
06:00;March 13, 2022;;0.218;;;;;
07:00;March 13, 2022;;7.154;;;;;
08:00;March 13, 2022;;12.552;;;;;
09:00;March 13, 2022;;13.671;;;;;
10:00;March 13, 2022;;37.533;;;;;
11:00;March 13, 2022;;48.178;;;;;
12:00;March 13, 2022;;56.984;;;;;
13:00;March 13, 2022;;62.98;;;;;
14:00;March 13, 2022;;58.651;;;;;
15:00;March 13, 2022;;42.523;;;;;
16:00;March 13, 2022;;15.657;;;;;
17:00;March 13, 2022;;5.221;;;;;
18:00;March 13, 2022;;0.264;;;;;
19:00;March 13, 2022;;0;;;;;
20:00;March 13, 2022;;0;;;;;
21:00;March 13, 2022;;0;;;;;
22:00;March 13, 2022;;0;;;;;
23:00;March 13, 2022;;0;;;;;
00:00;March 12, 2022;;0;;;;;
01:00;March 12, 2022;;0;;;;;
02:00;March 12, 2022;;0;;;;;
03:00;March 12, 2022;;0;;;;;
04:00;March 12, 2022;;0;;;;;
05:00;March 12, 2022;;0;;;;;
06:00;March 12, 2022;;0.097;;;;;
07:00;March 12, 2022;;3.301;;;;;
08:00;March 12, 2022;;13.439;;;;;
09:00;March 12, 2022;;25.667;;;;;
10:00;March 12, 2022;;30.187;;;;;
11:00;March 12, 2022;;31.2;;;;;
12:00;March 12, 2022;;44.387;;;;;
13:00;March 12, 2022;;31.067;;;;;
14:00;March 12, 2022;;27.884;;;;;
15:00;March 12, 2022;;46.146;;;;;
16:00;March 12, 2022;;49.243;;;;;
17:00;March 12, 2022;;10.37;;;;;
18:00;March 12, 2022;;0.903;;;;;
19:00;March 12, 2022;;0;;;;;
20:00;March 12, 2022;;0;;;;;
21:00;March 12, 2022;;0;;;;;
22:00;March 12, 2022;;0;;;;;
23:00;March 12, 2022;;0;;;;;
00:00;March 11, 2022;;0;;;;;
01:00;March 11, 2022;;0;;;;;
02:00;March 11, 2022;;0;;;;;
03:00;March 11, 2022;;0;;;;;
04:00;March 11, 2022;;0;;;;;
05:00;March 11, 2022;;0;;;;;
06:00;March 11, 2022;;0.266;;;;;
07:00;March 11, 2022;;6.283;;;;;
08:00;March 11, 2022;;13.747;;;;;
09:00;March 11, 2022;;59.411;;;;;
10:00;March 11, 2022;;67.25;;;;;
11:00;March 11, 2022;;67.287;;;;;
12:00;March 11, 2022;;61.611;;;;;
13:00;March 11, 2022;;62.783;;;;;
14:00;March 11, 2022;;61.025;;;;;
15:00;March 11, 2022;;39.128;;;;;
16:00;March 11, 2022;;38.524;;;;;
17:00;March 11, 2022;;2.098;;;;;
18:00;March 11, 2022;;0.001;;;;;
19:00;March 11, 2022;;0;;;;;
20:00;March 11, 2022;;0;;;;;
21:00;March 11, 2022;;0;;;;;
22:00;March 11, 2022;;0;;;;;
23:00;March 11, 2022;;0;;;;;
00:00;March 10, 2022;;0;;;;;
01:00;March 10, 2022;;0;;;;;
02:00;March 10, 2022;;0;;;;;
03:00;March 10, 2022;;0;;;;;
04:00;March 10, 2022;;0;;;;;
05:00;March 10, 2022;;0;;;;;
06:00;March 10, 2022;;0.125;;;;;
07:00;March 10, 2022;;15.592;;;;;
08:00;March 10, 2022;;51.832;;;;;
09:00;March 10, 2022;;64.257;;;;;
10:00;March 10, 2022;;67.475;;;;;
11:00;March 10, 2022;;67.875;;;;;
12:00;March 10, 2022;;66.854;;;;;
13:00;March 10, 2022;;58.552;;;;;
14:00;March 10, 2022;;65.592;;;;;
15:00;March 10, 2022;;63.429;;;;;
16:00;March 10, 2022;;51.426;;;;;
17:00;March 10, 2022;;19.793;;;;;
18:00;March 10, 2022;;0.339;;;;;
19:00;March 10, 2022;;0;;;;;
20:00;March 10, 2022;;0;;;;;
21:00;March 10, 2022;;0;;;;;
22:00;March 10, 2022;;0;;;;;
23:00;March 10, 2022;;0;;;;;
00:00;March 9, 2022;;0;;;;;
01:00;March 9, 2022;;0;;;;;
02:00;March 9, 2022;;0;;;;;
03:00;March 9, 2022;;0;;;;;
04:00;March 9, 2022;;0;;;;;
05:00;March 9, 2022;;0;;;;;
06:00;March 9, 2022;;0.483;;;;;
07:00;March 9, 2022;;6.773;;;;;
08:00;March 9, 2022;;21.712;;;;;
09:00;March 9, 2022;;41.356;;;;;
10:00;March 9, 2022;;63.509;;;;;
11:00;March 9, 2022;;54.032;;;;;
12:00;March 9, 2022;;41.985;;;;;
13:00;March 9, 2022;;68.781;;;;;
14:00;March 9, 2022;;10.258;;;;;
15:00;March 9, 2022;;24.251;;;;;
16:00;March 9, 2022;;35.786;;;;;
17:00;March 9, 2022;;26.437;;;;;
18:00;March 9, 2022;;1.912;;;;;
19:00;March 9, 2022;;0;;;;;
20:00;March 9, 2022;;0;;;;;
21:00;March 9, 2022;;0;;;;;
22:00;March 9, 2022;;0;;;;;
23:00;March 9, 2022;;0;;;;;
00:00;March 8, 2022;;0;;;;;
01:00;March 8, 2022;;0;;;;;
02:00;March 8, 2022;;0;;;;;
03:00;March 8, 2022;;0;;;;;
04:00;March 8, 2022;;0;;;;;
05:00;March 8, 2022;;0;;;;;
06:00;March 8, 2022;;0.521;;;;;
07:00;March 8, 2022;;18.954;;;;;
08:00;March 8, 2022;;50.443;;;;;
09:00;March 8, 2022;;61.962;;;;;
10:00;March 8, 2022;;66.085;;;;;
11:00;March 8, 2022;;66.634;;;;;
12:00;March 8, 2022;;64.735;;;;;
13:00;March 8, 2022;;62.423;;;;;
14:00;March 8, 2022;;53.246;;;;;
15:00;March 8, 2022;;58.87;;;;;
16:00;March 8, 2022;;51.239;;;;;
17:00;March 8, 2022;;33.157;;;;;
18:00;March 8, 2022;;3.136;;;;;
19:00;March 8, 2022;;0;;;;;
20:00;March 8, 2022;;0;;;;;
21:00;March 8, 2022;;0;;;;;
22:00;March 8, 2022;;0;;;;;
23:00;March 8, 2022;;0;;;;;
00:00;March 7, 2022;;0;;;;;
01:00;March 7, 2022;;0;;;;;
02:00;March 7, 2022;;0;;;;;
03:00;March 7, 2022;;0;;;;;
04:00;March 7, 2022;;0;;;;;
05:00;March 7, 2022;;0;;;;;
06:00;March 7, 2022;;0.36;;;;;
07:00;March 7, 2022;;21.195;;;;;
08:00;March 7, 2022;;52.704;;;;;
09:00;March 7, 2022;;64.078;;;;;
10:00;March 7, 2022;;67.575;;;;;
11:00;March 7, 2022;;68.737;;;;;
12:00;March 7, 2022;;68.573;;;;;
13:00;March 7, 2022;;64.545;;;;;
14:00;March 7, 2022;;59.907;;;;;
15:00;March 7, 2022;;60.111;;;;;
16:00;March 7, 2022;;55.629;;;;;
17:00;March 7, 2022;;30.474;;;;;
18:00;March 7, 2022;;3.006;;;;;
19:00;March 7, 2022;;0;;;;;
20:00;March 7, 2022;;0;;;;;
21:00;March 7, 2022;;0;;;;;
22:00;March 7, 2022;;0;;;;;
23:00;March 7, 2022;;0;;;;;
00:00;March 6, 2022;;0;;;;;
01:00;March 6, 2022;;0;;;;;
02:00;March 6, 2022;;0;;;;;
03:00;March 6, 2022;;0;;;;;
04:00;March 6, 2022;;0;;;;;
05:00;March 6, 2022;;0;;;;;
06:00;March 6, 2022;;0.381;;;;;
07:00;March 6, 2022;;20.63;;;;;
08:00;March 6, 2022;;48.67;;;;;
09:00;March 6, 2022;;59.278;;;;;
10:00;March 6, 2022;;68.277;;;;;
11:00;March 6, 2022;;68.782;;;;;
12:00;March 6, 2022;;68.213;;;;;
13:00;March 6, 2022;;69.04;;;;;
14:00;March 6, 2022;;34.233;;;;;
15:00;March 6, 2022;;23.923;;;;;
16:00;March 6, 2022;;20.943;;;;;
17:00;March 6, 2022;;16.428;;;;;
18:00;March 6, 2022;;2.405;;;;;
19:00;March 6, 2022;;0;;;;;
20:00;March 6, 2022;;0;;;;;
21:00;March 6, 2022;;0;;;;;
22:00;March 6, 2022;;0;;;;;
23:00;March 6, 2022;;0;;;;;
00:00;March 5, 2022;;0;;;;;
01:00;March 5, 2022;;0;;;;;
02:00;March 5, 2022;;0;;;;;
03:00;March 5, 2022;;0;;;;;
04:00;March 5, 2022;;0;;;;;
05:00;March 5, 2022;;0;;;;;
06:00;March 5, 2022;;0.423;;;;;
07:00;March 5, 2022;;19.426;;;;;
08:00;March 5, 2022;;52.366;;;;;
09:00;March 5, 2022;;63.896;;;;;
10:00;March 5, 2022;;68.26;;;;;
11:00;March 5, 2022;;68.805;;;;;
12:00;March 5, 2022;;68.82;;;;;
13:00;March 5, 2022;;62.269;;;;;
14:00;March 5, 2022;;58.711;;;;;
15:00;March 5, 2022;;10.843;;;;;
16:00;March 5, 2022;;5.428;;;;;
17:00;March 5, 2022;;10.274;;;;;
18:00;March 5, 2022;;2.563;;;;;
19:00;March 5, 2022;;0;;;;;
20:00;March 5, 2022;;0;;;;;
21:00;March 5, 2022;;0;;;;;
22:00;March 5, 2022;;0;;;;;
23:00;March 5, 2022;;0;;;;;
00:00;March 4, 2022;;0;;;;;
01:00;March 4, 2022;;0;;;;;
02:00;March 4, 2022;;0;;;;;
03:00;March 4, 2022;;0;;;;;
04:00;March 4, 2022;;0;;;;;
05:00;March 4, 2022;;0;;;;;
06:00;March 4, 2022;;0.269;;;;;
07:00;March 4, 2022;;15.096;;;;;
08:00;March 4, 2022;;52.574;;;;;
09:00;March 4, 2022;;64.217;;;;;
10:00;March 4, 2022;;60.71;;;;;
11:00;March 4, 2022;;67.427;;;;;
12:00;March 4, 2022;;68.046;;;;;
13:00;March 4, 2022;;68.063;;;;;
14:00;March 4, 2022;;65.948;;;;;
15:00;March 4, 2022;;66.646;;;;;
16:00;March 4, 2022;;27.523;;;;;
17:00;March 4, 2022;;8.518;;;;;
18:00;March 4, 2022;;1.536;;;;;
19:00;March 4, 2022;;0;;;;;
20:00;March 4, 2022;;0;;;;;
21:00;March 4, 2022;;0;;;;;
22:00;March 4, 2022;;0;;;;;
23:00;March 4, 2022;;0;;;;;
00:00;March 3, 2022;;0;;;;;
01:00;March 3, 2022;;0;;;;;
02:00;March 3, 2022;;0;;;;;
03:00;March 3, 2022;;0;;;;;
04:00;March 3, 2022;;0;;;;;
05:00;March 3, 2022;;0;;;;;
06:00;March 3, 2022;;0.132;;;;;
07:00;March 3, 2022;;2.701;;;;;
08:00;March 3, 2022;;9.465;;;;;
09:00;March 3, 2022;;36.392;;;;;
10:00;March 3, 2022;;58.317;;;;;
11:00;March 3, 2022;;55.364;;;;;
12:00;March 3, 2022;;53.484;;;;;
13:00;March 3, 2022;;57.787;;;;;
14:00;March 3, 2022;;67.618;;;;;
15:00;March 3, 2022;;62.737;;;;;
16:00;March 3, 2022;;54.756;;;;;
17:00;March 3, 2022;;32.711;;;;;
18:00;March 3, 2022;;2.429;;;;;
19:00;March 3, 2022;;0;;;;;
20:00;March 3, 2022;;0;;;;;
21:00;March 3, 2022;;0;;;;;
22:00;March 3, 2022;;0;;;;;
23:00;March 3, 2022;;0;;;;;
00:00;March 2, 2022;;0;;;;;
01:00;March 2, 2022;;0;;;;;
02:00;March 2, 2022;;0;;;;;
03:00;March 2, 2022;;0;;;;;
04:00;March 2, 2022;;0;;;;;
05:00;March 2, 2022;;0;;;;;
06:00;March 2, 2022;;0.393;;;;;
07:00;March 2, 2022;;2.972;;;;;
08:00;March 2, 2022;;1.866;;;;;
09:00;March 2, 2022;;10.247;;;;;
10:00;March 2, 2022;;13.07;;;;;
11:00;March 2, 2022;;34.184;;;;;
12:00;March 2, 2022;;17.016;;;;;
13:00;March 2, 2022;;21.673;;;;;
14:00;March 2, 2022;;18.589;;;;;
15:00;March 2, 2022;;11.621;;;;;
16:00;March 2, 2022;;9.209;;;;;
17:00;March 2, 2022;;10.336;;;;;
18:00;March 2, 2022;;1.082;;;;;
19:00;March 2, 2022;;0;;;;;
20:00;March 2, 2022;;0;;;;;
21:00;March 2, 2022;;0;;;;;
22:00;March 2, 2022;;0;;;;;
23:00;March 2, 2022;;0;;;;;
00:00;March 1, 2022;;0;;;;;
01:00;March 1, 2022;;0;;;;;
02:00;March 1, 2022;;0;;;;;
03:00;March 1, 2022;;0;;;;;
04:00;March 1, 2022;;0;;;;;
05:00;March 1, 2022;;0;;;;;
06:00;March 1, 2022;;1.388;;;;;
07:00;March 1, 2022;;12.029;;;;;
08:00;March 1, 2022;;40.659;;;;;
09:00;March 1, 2022;;56.455;;;;;
10:00;March 1, 2022;;57.287;;;;;
11:00;March 1, 2022;;68.154;;;;;
12:00;March 1, 2022;;51.074;;;;;
13:00;March 1, 2022;;30.606;;;;;
14:00;March 1, 2022;;23.961;;;;;
15:00;March 1, 2022;;12.054;;;;;
16:00;March 1, 2022;;15.014;;;;;
17:00;March 1, 2022;;2.225;;;;;
18:00;March 1, 2022;;0.008;;;;;
19:00;March 1, 2022;;0;;;;;
20:00;March 1, 2022;;0;;;;;
21:00;March 1, 2022;;0;;;;;
22:00;March 1, 2022;;0;;;;;
23:00;March 1, 2022;;0;;;;;