Hora;Day of din_instante;Measure Names;Avg. Val Geraç‹o FIXED Hora;Measure Values;;
00:00;;M’nimo Mensal;;0;;
01:00;;M’nimo Mensal;;0;;
02:00;;M’nimo Mensal;;0;;
03:00;;M’nimo Mensal;;0;;
04:00;;M’nimo Mensal;;0;;getulina conj  Guaimbê (UFV)
05:00;;M’nimo Mensal;;0;;
06:00;;M’nimo Mensal;;0;;
07:00;;M’nimo Mensal;;4.464;;
08:00;;M’nimo Mensal;;13.147;;
09:00;;M’nimo Mensal;;26.237;;
10:00;;M’nimo Mensal;;34.819;;
11:00;;M’nimo Mensal;;24.826;;
12:00;;M’nimo Mensal;;47.65;;
13:00;;M’nimo Mensal;;9.259;;
14:00;;M’nimo Mensal;;4.982;;
15:00;;M’nimo Mensal;;2.419;;
16:00;;M’nimo Mensal;;2.333;;
17:00;;M’nimo Mensal;;0.086;;
18:00;;M’nimo Mensal;;0;;
19:00;;M’nimo Mensal;;0;;
20:00;;M’nimo Mensal;;0;;
21:00;;M’nimo Mensal;;0;;
22:00;;M’nimo Mensal;;0;;
23:00;;M’nimo Mensal;;0;;
00:00;;M_dia mensal;;0;;
01:00;;M_dia mensal;;0;;
02:00;;M_dia mensal;;0;;
03:00;;M_dia mensal;;0;;
04:00;;M_dia mensal;;0;;
05:00;;M_dia mensal;;0;;
06:00;;M_dia mensal;;1.143.193.548;;
07:00;;M_dia mensal;;17.062.612.903;;
08:00;;M_dia mensal;;45.819.419.355;;
09:00;;M_dia mensal;;74.244.064.516;;
10:00;;M_dia mensal;;91.724.774.194;;
11:00;;M_dia mensal;;104.159.903.226;;
12:00;;M_dia mensal;;103.915.064.516;;
13:00;;M_dia mensal;;99.539.741.935;;
14:00;;M_dia mensal;;87.387.967.742;;
15:00;;M_dia mensal;;70.508.903.226;;
16:00;;M_dia mensal;;42.790.677.419;;
17:00;;M_dia mensal;;14.073.806.452;;
18:00;;M_dia mensal;;1.019.967.742;;
19:00;;M_dia mensal;;0;;
20:00;;M_dia mensal;;0;;
21:00;;M_dia mensal;;0;;
22:00;;M_dia mensal;;0;;
23:00;;M_dia mensal;;0;;
00:00;;M‡ximo mensal;;0;;
01:00;;M‡ximo mensal;;0;;
02:00;;M‡ximo mensal;;0;;
03:00;;M‡ximo mensal;;0;;
04:00;;M‡ximo mensal;;0;;
05:00;;M‡ximo mensal;;0;;
06:00;;M‡ximo mensal;;2.966;;
07:00;;M‡ximo mensal;;29.419;;
08:00;;M‡ximo mensal;;68.299;;
09:00;;M‡ximo mensal;;103.018;;
10:00;;M‡ximo mensal;;126.259;;
11:00;;M‡ximo mensal;;139.277;;
12:00;;M‡ximo mensal;;142.171;;
13:00;;M‡ximo mensal;;137.563;;
14:00;;M‡ximo mensal;;124.718;;
15:00;;M‡ximo mensal;;118.814;;
16:00;;M‡ximo mensal;;71.683;;
17:00;;M‡ximo mensal;;31.968;;
18:00;;M‡ximo mensal;;3.686;;
19:00;;M‡ximo mensal;;0;;
20:00;;M‡ximo mensal;;0;;
21:00;;M‡ximo mensal;;0;;
22:00;;M‡ximo mensal;;0;;
23:00;;M‡ximo mensal;;0;;
00:00;March 31, 2022;;0;;;
01:00;March 31, 2022;;0;;;
02:00;March 31, 2022;;0;;;
03:00;March 31, 2022;;0;;;
04:00;March 31, 2022;;0;;;
05:00;March 31, 2022;;0;;;
06:00;March 31, 2022;;1.339;;;
07:00;March 31, 2022;;26.611;;;
08:00;March 31, 2022;;59.213;;;
09:00;March 31, 2022;;79.92;;;
10:00;March 31, 2022;;92.563;;;
11:00;March 31, 2022;;126.072;;;
12:00;March 31, 2022;;53.251;;;
13:00;March 31, 2022;;9.259;;;
14:00;March 31, 2022;;4.982;;;
15:00;March 31, 2022;;2.419;;;
16:00;March 31, 2022;;2.333;;;
17:00;March 31, 2022;;0.086;;;
18:00;March 31, 2022;;0;;;
19:00;March 31, 2022;;0;;;
20:00;March 31, 2022;;0;;;
21:00;March 31, 2022;;0;;;
22:00;March 31, 2022;;0;;;
23:00;March 31, 2022;;0;;;
00:00;March 30, 2022;;0;;;
01:00;March 30, 2022;;0;;;
02:00;March 30, 2022;;0;;;
03:00;March 30, 2022;;0;;;
04:00;March 30, 2022;;0;;;
05:00;March 30, 2022;;0;;;
06:00;March 30, 2022;;1.267;;;
07:00;March 30, 2022;;23.458;;;
08:00;March 30, 2022;;61.603;;;
09:00;March 30, 2022;;94.363;;;
10:00;March 30, 2022;;116.165;;;
11:00;March 30, 2022;;114.235;;;
12:00;March 30, 2022;;80.582;;;
13:00;March 30, 2022;;89.136;;;
14:00;March 30, 2022;;78.538;;;
15:00;March 30, 2022;;60.725;;;
16:00;March 30, 2022;;44.942;;;
17:00;March 30, 2022;;12.398;;;
18:00;March 30, 2022;;0.59;;;
19:00;March 30, 2022;;0;;;
20:00;March 30, 2022;;0;;;
21:00;March 30, 2022;;0;;;
22:00;March 30, 2022;;0;;;
23:00;March 30, 2022;;0;;;
00:00;March 29, 2022;;0;;;
01:00;March 29, 2022;;0;;;
02:00;March 29, 2022;;0;;;
03:00;March 29, 2022;;0;;;
04:00;March 29, 2022;;0;;;
05:00;March 29, 2022;;0;;;
06:00;March 29, 2022;;0.907;;;
07:00;March 29, 2022;;19.008;;;
08:00;March 29, 2022;;64.843;;;
09:00;March 29, 2022;;99.878;;;
10:00;March 29, 2022;;122.544;;;
11:00;March 29, 2022;;134.15;;;
12:00;March 29, 2022;;135.317;;;
13:00;March 29, 2022;;129.557;;;
14:00;March 29, 2022;;115.589;;;
15:00;March 29, 2022;;91.786;;;
16:00;March 29, 2022;;60.869;;;
17:00;March 29, 2022;;22.075;;;
18:00;March 29, 2022;;0.835;;;
19:00;March 29, 2022;;0;;;
20:00;March 29, 2022;;0;;;
21:00;March 29, 2022;;0;;;
22:00;March 29, 2022;;0;;;
23:00;March 29, 2022;;0;;;
00:00;March 28, 2022;;0;;;
01:00;March 28, 2022;;0;;;
02:00;March 28, 2022;;0;;;
03:00;March 28, 2022;;0;;;
04:00;March 28, 2022;;0;;;
05:00;March 28, 2022;;0;;;
06:00;March 28, 2022;;0.605;;;
07:00;March 28, 2022;;14.904;;;
08:00;March 28, 2022;;51.322;;;
09:00;March 28, 2022;;98.914;;;
10:00;March 28, 2022;;120.384;;;
11:00;March 28, 2022;;123.336;;;
12:00;March 28, 2022;;77.27;;;
13:00;March 28, 2022;;95.27;;;
14:00;March 28, 2022;;105.178;;;
15:00;March 28, 2022;;67.075;;;
16:00;March 28, 2022;;22.147;;;
17:00;March 28, 2022;;18.274;;;
18:00;March 28, 2022;;0.893;;;
19:00;March 28, 2022;;0;;;
20:00;March 28, 2022;;0;;;
21:00;March 28, 2022;;0;;;
22:00;March 28, 2022;;0;;;
23:00;March 28, 2022;;0;;;
00:00;March 27, 2022;;0;;;
01:00;March 27, 2022;;0;;;
02:00;March 27, 2022;;0;;;
03:00;March 27, 2022;;0;;;
04:00;March 27, 2022;;0;;;
05:00;March 27, 2022;;0;;;
06:00;March 27, 2022;;0.072;;;
07:00;March 27, 2022;;6.581;;;
08:00;March 27, 2022;;23.803;;;
09:00;March 27, 2022;;31.522;;;
10:00;March 27, 2022;;34.819;;;
11:00;March 27, 2022;;52.243;;;
12:00;March 27, 2022;;63.187;;;
13:00;March 27, 2022;;77.472;;;
14:00;March 27, 2022;;68.011;;;
15:00;March 27, 2022;;49.478;;;
16:00;March 27, 2022;;16.445;;;
17:00;March 27, 2022;;21.686;;;
18:00;March 27, 2022;;0.086;;;
19:00;March 27, 2022;;0;;;
20:00;March 27, 2022;;0;;;
21:00;March 27, 2022;;0;;;
22:00;March 27, 2022;;0;;;
23:00;March 27, 2022;;0;;;
00:00;March 26, 2022;;0;;;
01:00;March 26, 2022;;0;;;
02:00;March 26, 2022;;0;;;
03:00;March 26, 2022;;0;;;
04:00;March 26, 2022;;0;;;
05:00;March 26, 2022;;0;;;
06:00;March 26, 2022;;0.446;;;
07:00;March 26, 2022;;12.312;;;
08:00;March 26, 2022;;53.741;;;
09:00;March 26, 2022;;83.707;;;
10:00;March 26, 2022;;86.141;;;
11:00;March 26, 2022;;81.792;;;
12:00;March 26, 2022;;103.133;;;
13:00;March 26, 2022;;94.594;;;
14:00;March 26, 2022;;66.542;;;
15:00;March 26, 2022;;55.541;;;
16:00;March 26, 2022;;37.699;;;
17:00;March 26, 2022;;13.982;;;
18:00;March 26, 2022;;0.922;;;
19:00;March 26, 2022;;0;;;
20:00;March 26, 2022;;0;;;
21:00;March 26, 2022;;0;;;
22:00;March 26, 2022;;0;;;
23:00;March 26, 2022;;0;;;
00:00;March 25, 2022;;0;;;
01:00;March 25, 2022;;0;;;
02:00;March 25, 2022;;0;;;
03:00;March 25, 2022;;0;;;
04:00;March 25, 2022;;0;;;
05:00;March 25, 2022;;0;;;
06:00;March 25, 2022;;0;;;
07:00;March 25, 2022;;4.464;;;
08:00;March 25, 2022;;21.773;;;
09:00;March 25, 2022;;53.179;;;
10:00;March 25, 2022;;36.101;;;
11:00;March 25, 2022;;74.477;;;
12:00;March 25, 2022;;70.402;;;
13:00;March 25, 2022;;70.459;;;
14:00;March 25, 2022;;83.621;;;
15:00;March 25, 2022;;48.442;;;
16:00;March 25, 2022;;23.904;;;
17:00;March 25, 2022;;6.898;;;
18:00;March 25, 2022;;0.043;;;
19:00;March 25, 2022;;0;;;
20:00;March 25, 2022;;0;;;
21:00;March 25, 2022;;0;;;
22:00;March 25, 2022;;0;;;
23:00;March 25, 2022;;0;;;
00:00;March 24, 2022;;0;;;
01:00;March 24, 2022;;0;;;
02:00;March 24, 2022;;0;;;
03:00;March 24, 2022;;0;;;
04:00;March 24, 2022;;0;;;
05:00;March 24, 2022;;0;;;
06:00;March 24, 2022;;1.469;;;
07:00;March 24, 2022;;24.091;;;
08:00;March 24, 2022;;64.066;;;
09:00;March 24, 2022;;97.2;;;
10:00;March 24, 2022;;118.656;;;
11:00;March 24, 2022;;128.419;;;
12:00;March 24, 2022;;83.578;;;
13:00;March 24, 2022;;107.093;;;
14:00;March 24, 2022;;82.742;;;
15:00;March 24, 2022;;48.557;;;
16:00;March 24, 2022;;26.77;;;
17:00;March 24, 2022;;8.222;;;
18:00;March 24, 2022;;0.432;;;
19:00;March 24, 2022;;0;;;
20:00;March 24, 2022;;0;;;
21:00;March 24, 2022;;0;;;
22:00;March 24, 2022;;0;;;
23:00;March 24, 2022;;0;;;
00:00;March 23, 2022;;0;;;
01:00;March 23, 2022;;0;;;
02:00;March 23, 2022;;0;;;
03:00;March 23, 2022;;0;;;
04:00;March 23, 2022;;0;;;
05:00;March 23, 2022;;0;;;
06:00;March 23, 2022;;1.022;;;
07:00;March 23, 2022;;29.419;;;
08:00;March 23, 2022;;65.534;;;
09:00;March 23, 2022;;99.72;;;
10:00;March 23, 2022;;122.674;;;
11:00;March 23, 2022;;134.093;;;
12:00;March 23, 2022;;135.821;;;
13:00;March 23, 2022;;118.714;;;
14:00;March 23, 2022;;106.56;;;
15:00;March 23, 2022;;86.947;;;
16:00;March 23, 2022;;48.571;;;
17:00;March 23, 2022;;22.752;;;
18:00;March 23, 2022;;0.518;;;
19:00;March 23, 2022;;0;;;
20:00;March 23, 2022;;0;;;
21:00;March 23, 2022;;0;;;
22:00;March 23, 2022;;0;;;
23:00;March 23, 2022;;0;;;
00:00;March 22, 2022;;0;;;
01:00;March 22, 2022;;0;;;
02:00;March 22, 2022;;0;;;
03:00;March 22, 2022;;0;;;
04:00;March 22, 2022;;0;;;
05:00;March 22, 2022;;0;;;
06:00;March 22, 2022;;1.469;;;
07:00;March 22, 2022;;25.186;;;
08:00;March 22, 2022;;67.478;;;
09:00;March 22, 2022;;103.018;;;
10:00;March 22, 2022;;126.259;;;
11:00;March 22, 2022;;139.277;;;
12:00;March 22, 2022;;141.926;;;
13:00;March 22, 2022;;135.778;;;
14:00;March 22, 2022;;120.946;;;
15:00;March 22, 2022;;96.84;;;
16:00;March 22, 2022;;53.798;;;
17:00;March 22, 2022;;25.142;;;
18:00;March 22, 2022;;1.354;;;
19:00;March 22, 2022;;0;;;
20:00;March 22, 2022;;0;;;
21:00;March 22, 2022;;0;;;
22:00;March 22, 2022;;0;;;
23:00;March 22, 2022;;0;;;
00:00;March 21, 2022;;0;;;
01:00;March 21, 2022;;0;;;
02:00;March 21, 2022;;0;;;
03:00;March 21, 2022;;0;;;
04:00;March 21, 2022;;0;;;
05:00;March 21, 2022;;0;;;
06:00;March 21, 2022;;0.806;;;
07:00;March 21, 2022;;16.618;;;
08:00;March 21, 2022;;68.299;;;
09:00;March 21, 2022;;102.485;;;
10:00;March 21, 2022;;126;;;
11:00;March 21, 2022;;138.946;;;
12:00;March 21, 2022;;142.171;;;
13:00;March 21, 2022;;137.563;;;
14:00;March 21, 2022;;121.752;;;
15:00;March 21, 2022;;82.037;;;
16:00;March 21, 2022;;49.104;;;
17:00;March 21, 2022;;14.846;;;
18:00;March 21, 2022;;1.166;;;
19:00;March 21, 2022;;0;;;
20:00;March 21, 2022;;0;;;
21:00;March 21, 2022;;0;;;
22:00;March 21, 2022;;0;;;
23:00;March 21, 2022;;0;;;
00:00;March 20, 2022;;0;;;
01:00;March 20, 2022;;0;;;
02:00;March 20, 2022;;0;;;
03:00;March 20, 2022;;0;;;
04:00;March 20, 2022;;0;;;
05:00;March 20, 2022;;0;;;
06:00;March 20, 2022;;0.979;;;
07:00;March 20, 2022;;14.112;;;
08:00;March 20, 2022;;30.37;;;
09:00;March 20, 2022;;49.306;;;
10:00;March 20, 2022;;79.56;;;
11:00;March 20, 2022;;100.57;;;
12:00;March 20, 2022;;88.229;;;
13:00;March 20, 2022;;60.379;;;
14:00;March 20, 2022;;32.688;;;
15:00;March 20, 2022;;43.79;;;
16:00;March 20, 2022;;32.717;;;
17:00;March 20, 2022;;17.021;;;
18:00;March 20, 2022;;0.59;;;
19:00;March 20, 2022;;0;;;
20:00;March 20, 2022;;0;;;
21:00;March 20, 2022;;0;;;
22:00;March 20, 2022;;0;;;
23:00;March 20, 2022;;0;;;
00:00;March 19, 2022;;0;;;
01:00;March 19, 2022;;0;;;
02:00;March 19, 2022;;0;;;
03:00;March 19, 2022;;0;;;
04:00;March 19, 2022;;0;;;
05:00;March 19, 2022;;0;;;
06:00;March 19, 2022;;0;;;
07:00;March 19, 2022;;7.934;;;
08:00;March 19, 2022;;26.15;;;
09:00;March 19, 2022;;33.005;;;
10:00;March 19, 2022;;38.189;;;
11:00;March 19, 2022;;60.898;;;
12:00;March 19, 2022;;110.117;;;
13:00;March 19, 2022;;86.371;;;
14:00;March 19, 2022;;55.022;;;
15:00;March 19, 2022;;27.763;;;
16:00;March 19, 2022;;10.771;;;
17:00;March 19, 2022;;0.619;;;
18:00;March 19, 2022;;0;;;
19:00;March 19, 2022;;0;;;
20:00;March 19, 2022;;0;;;
21:00;March 19, 2022;;0;;;
22:00;March 19, 2022;;0;;;
23:00;March 19, 2022;;0;;;
00:00;March 18, 2022;;0;;;
01:00;March 18, 2022;;0;;;
02:00;March 18, 2022;;0;;;
03:00;March 18, 2022;;0;;;
04:00;March 18, 2022;;0;;;
05:00;March 18, 2022;;0;;;
06:00;March 18, 2022;;1.57;;;
07:00;March 18, 2022;;25.646;;;
08:00;March 18, 2022;;56.088;;;
09:00;March 18, 2022;;96.538;;;
10:00;March 18, 2022;;118.397;;;
11:00;March 18, 2022;;124.834;;;
12:00;March 18, 2022;;115.502;;;
13:00;March 18, 2022;;92.995;;;
14:00;March 18, 2022;;84.154;;;
15:00;March 18, 2022;;96.682;;;
16:00;March 18, 2022;;56.592;;;
17:00;March 18, 2022;;27.518;;;
18:00;March 18, 2022;;1.138;;;
19:00;March 18, 2022;;0;;;
20:00;March 18, 2022;;0;;;
21:00;March 18, 2022;;0;;;
22:00;March 18, 2022;;0;;;
23:00;March 18, 2022;;0;;;
00:00;March 17, 2022;;0;;;
01:00;March 17, 2022;;0;;;
02:00;March 17, 2022;;0;;;
03:00;March 17, 2022;;0;;;
04:00;March 17, 2022;;0;;;
05:00;March 17, 2022;;0;;;
06:00;March 17, 2022;;1.123;;;
07:00;March 17, 2022;;20.146;;;
08:00;March 17, 2022;;54.835;;;
09:00;March 17, 2022;;73.872;;;
10:00;March 17, 2022;;112.478;;;
11:00;March 17, 2022;;129.456;;;
12:00;March 17, 2022;;127.066;;;
13:00;March 17, 2022;;87.437;;;
14:00;March 17, 2022;;112.118;;;
15:00;March 17, 2022;;94.522;;;
16:00;March 17, 2022;;54.216;;;
17:00;March 17, 2022;;26.726;;;
18:00;March 17, 2022;;1.8;;;
19:00;March 17, 2022;;0;;;
20:00;March 17, 2022;;0;;;
21:00;March 17, 2022;;0;;;
22:00;March 17, 2022;;0;;;
23:00;March 17, 2022;;0;;;
00:00;March 16, 2022;;0;;;
01:00;March 16, 2022;;0;;;
02:00;March 16, 2022;;0;;;
03:00;March 16, 2022;;0;;;
04:00;March 16, 2022;;0;;;
05:00;March 16, 2022;;0;;;
06:00;March 16, 2022;;0.778;;;
07:00;March 16, 2022;;7.978;;;
08:00;March 16, 2022;;13.738;;;
09:00;March 16, 2022;;37.757;;;
10:00;March 16, 2022;;89.309;;;
11:00;March 16, 2022;;112.939;;;
12:00;March 16, 2022;;83.174;;;
13:00;March 16, 2022;;61.402;;;
14:00;March 16, 2022;;55.555;;;
15:00;March 16, 2022;;21.053;;;
16:00;March 16, 2022;;28.699;;;
17:00;March 16, 2022;;3.312;;;
18:00;March 16, 2022;;0.835;;;
19:00;March 16, 2022;;0;;;
20:00;March 16, 2022;;0;;;
21:00;March 16, 2022;;0;;;
22:00;March 16, 2022;;0;;;
23:00;March 16, 2022;;0;;;
00:00;March 15, 2022;;0;;;
01:00;March 15, 2022;;0;;;
02:00;March 15, 2022;;0;;;
03:00;March 15, 2022;;0;;;
04:00;March 15, 2022;;0;;;
05:00;March 15, 2022;;0;;;
06:00;March 15, 2022;;2.218;;;
07:00;March 15, 2022;;14.342;;;
08:00;March 15, 2022;;37.282;;;
09:00;March 15, 2022;;65.462;;;
10:00;March 15, 2022;;59.544;;;
11:00;March 15, 2022;;24.826;;;
12:00;March 15, 2022;;47.65;;;
13:00;March 15, 2022;;97.272;;;
14:00;March 15, 2022;;114.163;;;
15:00;March 15, 2022;;100.094;;;
16:00;March 15, 2022;;50.486;;;
17:00;March 15, 2022;;4.392;;;
18:00;March 15, 2022;;0.216;;;
19:00;March 15, 2022;;0;;;
20:00;March 15, 2022;;0;;;
21:00;March 15, 2022;;0;;;
22:00;March 15, 2022;;0;;;
23:00;March 15, 2022;;0;;;
00:00;March 14, 2022;;0;;;
01:00;March 14, 2022;;0;;;
02:00;March 14, 2022;;0;;;
03:00;March 14, 2022;;0;;;
04:00;March 14, 2022;;0;;;
05:00;March 14, 2022;;0;;;
06:00;March 14, 2022;;2.909;;;
07:00;March 14, 2022;;24.624;;;
08:00;March 14, 2022;;33.739;;;
09:00;March 14, 2022;;55.814;;;
10:00;March 14, 2022;;48.96;;;
11:00;March 14, 2022;;43.43;;;
12:00;March 14, 2022;;103.176;;;
13:00;March 14, 2022;;92.102;;;
14:00;March 14, 2022;;66.47;;;
15:00;March 14, 2022;;98.698;;;
16:00;March 14, 2022;;49.723;;;
17:00;March 14, 2022;;5.962;;;
18:00;March 14, 2022;;2.246;;;
19:00;March 14, 2022;;0;;;
20:00;March 14, 2022;;0;;;
21:00;March 14, 2022;;0;;;
22:00;March 14, 2022;;0;;;
23:00;March 14, 2022;;0;;;
00:00;March 13, 2022;;0;;;
01:00;March 13, 2022;;0;;;
02:00;March 13, 2022;;0;;;
03:00;March 13, 2022;;0;;;
04:00;March 13, 2022;;0;;;
05:00;March 13, 2022;;0;;;
06:00;March 13, 2022;;0.058;;;
07:00;March 13, 2022;;4.723;;;
08:00;March 13, 2022;;13.147;;;
09:00;March 13, 2022;;26.237;;;
10:00;March 13, 2022;;40.032;;;
11:00;March 13, 2022;;50.27;;;
12:00;March 13, 2022;;82.8;;;
13:00;March 13, 2022;;130.694;;;
14:00;March 13, 2022;;112.435;;;
15:00;March 13, 2022;;64.512;;;
16:00;March 13, 2022;;35.482;;;
17:00;March 13, 2022;;7.128;;;
18:00;March 13, 2022;;0.634;;;
19:00;March 13, 2022;;0;;;
20:00;March 13, 2022;;0;;;
21:00;March 13, 2022;;0;;;
22:00;March 13, 2022;;0;;;
23:00;March 13, 2022;;0;;;
00:00;March 12, 2022;;0;;;
01:00;March 12, 2022;;0;;;
02:00;March 12, 2022;;0;;;
03:00;March 12, 2022;;0;;;
04:00;March 12, 2022;;0;;;
05:00;March 12, 2022;;0;;;
06:00;March 12, 2022;;0.086;;;
07:00;March 12, 2022;;6.019;;;
08:00;March 12, 2022;;31.68;;;
09:00;March 12, 2022;;53.237;;;
10:00;March 12, 2022;;96.192;;;
11:00;March 12, 2022;;107.654;;;
12:00;March 12, 2022;;124.402;;;
13:00;March 12, 2022;;92.376;;;
14:00;March 12, 2022;;69.048;;;
15:00;March 12, 2022;;83.203;;;
16:00;March 12, 2022;;22.478;;;
17:00;March 12, 2022;;4.622;;;
18:00;March 12, 2022;;3.686;;;
19:00;March 12, 2022;;0;;;
20:00;March 12, 2022;;0;;;
21:00;March 12, 2022;;0;;;
22:00;March 12, 2022;;0;;;
23:00;March 12, 2022;;0;;;
00:00;March 11, 2022;;0;;;
01:00;March 11, 2022;;0;;;
02:00;March 11, 2022;;0;;;
03:00;March 11, 2022;;0;;;
04:00;March 11, 2022;;0;;;
05:00;March 11, 2022;;0;;;
06:00;March 11, 2022;;1.282;;;
07:00;March 11, 2022;;18.187;;;
08:00;March 11, 2022;;41.89;;;
09:00;March 11, 2022;;80.035;;;
10:00;March 11, 2022;;104.717;;;
11:00;March 11, 2022;;131.285;;;
12:00;March 11, 2022;;137.275;;;
13:00;March 11, 2022;;129.283;;;
14:00;March 11, 2022;;94.766;;;
15:00;March 11, 2022;;4.68;;;
16:00;March 11, 2022;;11.131;;;
17:00;March 11, 2022;;6.451;;;
18:00;March 11, 2022;;0.158;;;
19:00;March 11, 2022;;0;;;
20:00;March 11, 2022;;0;;;
21:00;March 11, 2022;;0;;;
22:00;March 11, 2022;;0;;;
23:00;March 11, 2022;;0;;;
00:00;March 10, 2022;;0;;;
01:00;March 10, 2022;;0;;;
02:00;March 10, 2022;;0;;;
03:00;March 10, 2022;;0;;;
04:00;March 10, 2022;;0;;;
05:00;March 10, 2022;;0;;;
06:00;March 10, 2022;;2.275;;;
07:00;March 10, 2022;;23.112;;;
08:00;March 10, 2022;;61.07;;;
09:00;March 10, 2022;;95.4;;;
10:00;March 10, 2022;;117.518;;;
11:00;March 10, 2022;;130.81;;;
12:00;March 10, 2022;;115.43;;;
13:00;March 10, 2022;;64.483;;;
14:00;March 10, 2022;;43.344;;;
15:00;March 10, 2022;;118.814;;;
16:00;March 10, 2022;;66.902;;;
17:00;March 10, 2022;;11.52;;;
18:00;March 10, 2022;;0.331;;;
19:00;March 10, 2022;;0;;;
20:00;March 10, 2022;;0;;;
21:00;March 10, 2022;;0;;;
22:00;March 10, 2022;;0;;;
23:00;March 10, 2022;;0;;;
00:00;March 9, 2022;;0;;;
01:00;March 9, 2022;;0;;;
02:00;March 9, 2022;;0;;;
03:00;March 9, 2022;;0;;;
04:00;March 9, 2022;;0;;;
05:00;March 9, 2022;;0;;;
06:00;March 9, 2022;;1.944;;;
07:00;March 9, 2022;;21.859;;;
08:00;March 9, 2022;;59.573;;;
09:00;March 9, 2022;;95.544;;;
10:00;March 9, 2022;;120.888;;;
11:00;March 9, 2022;;133.949;;;
12:00;March 9, 2022;;135.504;;;
13:00;March 9, 2022;;107.309;;;
14:00;March 9, 2022;;96.034;;;
15:00;March 9, 2022;;86.328;;;
16:00;March 9, 2022;;64.814;;;
17:00;March 9, 2022;;11.52;;;
18:00;March 9, 2022;;1.051;;;
19:00;March 9, 2022;;0;;;
20:00;March 9, 2022;;0;;;
21:00;March 9, 2022;;0;;;
22:00;March 9, 2022;;0;;;
23:00;March 9, 2022;;0;;;
00:00;March 8, 2022;;0;;;
01:00;March 8, 2022;;0;;;
02:00;March 8, 2022;;0;;;
03:00;March 8, 2022;;0;;;
04:00;March 8, 2022;;0;;;
05:00;March 8, 2022;;0;;;
06:00;March 8, 2022;;0.245;;;
07:00;March 8, 2022;;4.954;;;
08:00;March 8, 2022;;31.421;;;
09:00;March 8, 2022;;81.95;;;
10:00;March 8, 2022;;89.496;;;
11:00;March 8, 2022;;133.373;;;
12:00;March 8, 2022;;137.045;;;
13:00;March 8, 2022;;133.272;;;
14:00;March 8, 2022;;94.766;;;
15:00;March 8, 2022;;75.902;;;
16:00;March 8, 2022;;67.334;;;
17:00;March 8, 2022;;29.203;;;
18:00;March 8, 2022;;2.39;;;
19:00;March 8, 2022;;0;;;
20:00;March 8, 2022;;0;;;
21:00;March 8, 2022;;0;;;
22:00;March 8, 2022;;0;;;
23:00;March 8, 2022;;0;;;
00:00;March 7, 2022;;0;;;
01:00;March 7, 2022;;0;;;
02:00;March 7, 2022;;0;;;
03:00;March 7, 2022;;0;;;
04:00;March 7, 2022;;0;;;
05:00;March 7, 2022;;0;;;
06:00;March 7, 2022;;1.656;;;
07:00;March 7, 2022;;24.206;;;
08:00;March 7, 2022;;64.627;;;
09:00;March 7, 2022;;97.445;;;
10:00;March 7, 2022;;119.635;;;
11:00;March 7, 2022;;123.394;;;
12:00;March 7, 2022;;97.344;;;
13:00;March 7, 2022;;124.891;;;
14:00;March 7, 2022;;95.198;;;
15:00;March 7, 2022;;90.504;;;
16:00;March 7, 2022;;38.232;;;
17:00;March 7, 2022;;3.931;;;
18:00;March 7, 2022;;0.907;;;
19:00;March 7, 2022;;0;;;
20:00;March 7, 2022;;0;;;
21:00;March 7, 2022;;0;;;
22:00;March 7, 2022;;0;;;
23:00;March 7, 2022;;0;;;
00:00;March 6, 2022;;0;;;
01:00;March 6, 2022;;0;;;
02:00;March 6, 2022;;0;;;
03:00;March 6, 2022;;0;;;
04:00;March 6, 2022;;0;;;
05:00;March 6, 2022;;0;;;
06:00;March 6, 2022;;1.426;;;
07:00;March 6, 2022;;18.619;;;
08:00;March 6, 2022;;64.973;;;
09:00;March 6, 2022;;99.173;;;
10:00;March 6, 2022;;101.851;;;
11:00;March 6, 2022;;126.648;;;
12:00;March 6, 2022;;136.512;;;
13:00;March 6, 2022;;128.131;;;
14:00;March 6, 2022;;120.989;;;
15:00;March 6, 2022;;101.549;;;
16:00;March 6, 2022;;59.99;;;
17:00;March 6, 2022;;13.061;;;
18:00;March 6, 2022;;0.691;;;
19:00;March 6, 2022;;0;;;
20:00;March 6, 2022;;0;;;
21:00;March 6, 2022;;0;;;
22:00;March 6, 2022;;0;;;
23:00;March 6, 2022;;0;;;
00:00;March 5, 2022;;0;;;
01:00;March 5, 2022;;0;;;
02:00;March 5, 2022;;0;;;
03:00;March 5, 2022;;0;;;
04:00;March 5, 2022;;0;;;
05:00;March 5, 2022;;0;;;
06:00;March 5, 2022;;1.613;;;
07:00;March 5, 2022;;24.106;;;
08:00;March 5, 2022;;63.158;;;
09:00;March 5, 2022;;93.254;;;
10:00;March 5, 2022;;119.477;;;
11:00;March 5, 2022;;123.552;;;
12:00;March 5, 2022;;105.005;;;
13:00;March 5, 2022;;113.846;;;
14:00;March 5, 2022;;93.658;;;
15:00;March 5, 2022;;63.533;;;
16:00;March 5, 2022;;61.978;;;
17:00;March 5, 2022;;16.978;;;
18:00;March 5, 2022;;0.965;;;
19:00;March 5, 2022;;0;;;
20:00;March 5, 2022;;0;;;
21:00;March 5, 2022;;0;;;
22:00;March 5, 2022;;0;;;
23:00;March 5, 2022;;0;;;
00:00;March 4, 2022;;0;;;
01:00;March 4, 2022;;0;;;
02:00;March 4, 2022;;0;;;
03:00;March 4, 2022;;0;;;
04:00;March 4, 2022;;0;;;
05:00;March 4, 2022;;0;;;
06:00;March 4, 2022;;0.403;;;
07:00;March 4, 2022;;10.843;;;
08:00;March 4, 2022;;20.88;;;
09:00;March 4, 2022;;37.224;;;
10:00;March 4, 2022;;48.773;;;
11:00;March 4, 2022;;66.845;;;
12:00;March 4, 2022;;108.965;;;
13:00;March 4, 2022;;135.706;;;
14:00;March 4, 2022;;124.718;;;
15:00;March 4, 2022;;101.736;;;
16:00;March 4, 2022;;70.747;;;
17:00;March 4, 2022;;31.968;;;
18:00;March 4, 2022;;3.11;;;
19:00;March 4, 2022;;0;;;
20:00;March 4, 2022;;0;;;
21:00;March 4, 2022;;0;;;
22:00;March 4, 2022;;0;;;
23:00;March 4, 2022;;0;;;
00:00;March 3, 2022;;0;;;
01:00;March 3, 2022;;0;;;
02:00;March 3, 2022;;0;;;
03:00;March 3, 2022;;0;;;
04:00;March 3, 2022;;0;;;
05:00;March 3, 2022;;0;;;
06:00;March 3, 2022;;1.858;;;
07:00;March 3, 2022;;28.829;;;
08:00;March 3, 2022;;51.466;;;
09:00;March 3, 2022;;83.102;;;
10:00;March 3, 2022;;100.267;;;
11:00;March 3, 2022;;124.963;;;
12:00;March 3, 2022;;130.478;;;
13:00;March 3, 2022;;128.203;;;
14:00;March 3, 2022;;107.194;;;
15:00;March 3, 2022;;104.558;;;
16:00;March 3, 2022;;71.683;;;
17:00;March 3, 2022;;28.123;;;
18:00;March 3, 2022;;1.051;;;
19:00;March 3, 2022;;0;;;
20:00;March 3, 2022;;0;;;
21:00;March 3, 2022;;0;;;
22:00;March 3, 2022;;0;;;
23:00;March 3, 2022;;0;;;
00:00;March 2, 2022;;0;;;
01:00;March 2, 2022;;0;;;
02:00;March 2, 2022;;0;;;
03:00;March 2, 2022;;0;;;
04:00;March 2, 2022;;0;;;
05:00;March 2, 2022;;0;;;
06:00;March 2, 2022;;0.648;;;
07:00;March 2, 2022;;8.597;;;
08:00;March 2, 2022;;31.81;;;
09:00;March 2, 2022;;55.958;;;
10:00;March 2, 2022;;65.621;;;
11:00;March 2, 2022;;86.645;;;
12:00;March 2, 2022;;91.138;;;
13:00;March 2, 2022;;71.237;;;
14:00;March 2, 2022;;72.878;;;
15:00;March 2, 2022;;48.499;;;
16:00;March 2, 2022;;48.989;;;
17:00;March 2, 2022;;12.715;;;
18:00;March 2, 2022;;2.347;;;
19:00;March 2, 2022;;0;;;
20:00;March 2, 2022;;0;;;
21:00;March 2, 2022;;0;;;
22:00;March 2, 2022;;0;;;
23:00;March 2, 2022;;0;;;
00:00;March 1, 2022;;0;;;
01:00;March 1, 2022;;0;;;
02:00;March 1, 2022;;0;;;
03:00;March 1, 2022;;0;;;
04:00;March 1, 2022;;0;;;
05:00;March 1, 2022;;0;;;
06:00;March 1, 2022;;2.966;;;
07:00;March 1, 2022;;17.453;;;
08:00;March 1, 2022;;30.83;;;
09:00;March 1, 2022;;47.347;;;
10:00;March 1, 2022;;70.258;;;
11:00;March 1, 2022;;45.576;;;
12:00;March 1, 2022;;57.917;;;
13:00;March 1, 2022;;83.448;;;
14:00;March 1, 2022;;109.368;;;
15:00;March 1, 2022;;69.509;;;
16:00;March 1, 2022;;36.965;;;
17:00;March 1, 2022;;7.157;;;
18:00;March 1, 2022;;0.634;;;
19:00;March 1, 2022;;0;;;
20:00;March 1, 2022;;0;;;
21:00;March 1, 2022;;0;;;
22:00;March 1, 2022;;0;;;
23:00;March 1, 2022;;0;;;